VAL(80),8.0
ASP(181),8.0
SER(195),11.5
GLN(119),6.0
GLY(198),8.5
CYS(41),10.0
HIS(103),7.0
ASP(105),8.666666666666666
SER(71),4.0
SER(52),10
ASN(214),7
ASP(111),8
LYS(156),6.25
ASN(28),9.0
ALA(201),11.2
PHE(221),9.0
VAL(163),11.0
ILE(83),10.0
PRO(57),5.0
ALA(213),7
GLY(122),9.5
GLU(144),4
VAL(59),11
THR(45),7.0
ILE(109),11.0
LYS(135),6
ALA(176),6.75
GLY(62),9.333333333333334
LEU(53),10
SER(203),7.0
TRP(90),10.166666666666666
VAL(227),12
LYS(69),6
GLN(18),6
ASP(157),5.0
VAL(154),8.5
VAL(51),8.75
GLU(34),7.0
